<?xml version="1.0" encoding="UTF-8"?>
<project xmlns="http://www.netbeans.org/ns/project/1">
    <type>com.microchip.mplab.nbide.embedded.makeproject</type>
    <configuration>
        <data xmlns="http://www.netbeans.org/ns/make-project/1">
            <name>Lora</name>
            <creation-uuid>21b45776-cb4e-4f4a-bf43-4d540918b37b</creation-uuid>
            <make-project-type>0</make-project-type>
            <c-extensions/>
            <cpp-extensions>cpp</cpp-extensions>
            <header-extensions/>
            <asminc-extensions/>
            <sourceEncoding>UTF-8</sourceEncoding>
            <make-dep-projects>
                <make-dep-project>../../ArduinoCore/LibraryCore.X</make-dep-project>
            </make-dep-projects>
            <sourceRootList>
                <sourceRootElem>../../../../../Firmware/MicropchipHorticultureFirmware</sourceRootElem>
                <sourceRootElem>.</sourceRootElem>
            </sourceRootList>
            <confList>
                <confElem>
                    <name>Release</name>
                    <type>2</type>
                </confElem>
                <confElem>
                    <name>Debug</name>
                    <type>2</type>
                </confElem>
            </confList>
            <formatting>
                <project-formatting-style>false</project-formatting-style>
            </formatting>
        </data>
    </configuration>
</project>
