<?xml version="1.0" encoding="UTF-8"?>
<configurationDescriptor version="65">
  <projectmakefile>Makefile</projectmakefile>
  <defaultConf>0</defaultConf>
  <confs>
    <conf name="Release" type="2">
      <platformToolSN>:=MPLABComm-USB-Microchip:=&lt;vid>03EB:=&lt;pid>2145:=&lt;rev>1000:=&lt;man>ATMEL:=&lt;prod>mEDBG CMSIS-DAP:=&lt;sn>ATML2523052700002347:=&lt;drv>x:=&lt;xpt>h:=end</platformToolSN>
      <languageToolchainDir>C:\Users\joseph.downing\Desktop\avr8-gnu-toolchain-3.6.2.1759-win32.any.x86\avr8-gnu-toolchain-win32_x86\bin</languageToolchainDir>
      <mdbdebugger version="1">
        <placeholder1>place holder 1</placeholder1>
        <placeholder2>place holder 2</placeholder2>
      </mdbdebugger>
      <runprofile version="6">
        <args></args>
        <rundir></rundir>
        <buildfirst>true</buildfirst>
        <console-type>0</console-type>
        <terminal-type>0</terminal-type>
        <remove-instrumentation>0</remove-instrumentation>
        <environment>
        </environment>
      </runprofile>
    </conf>
    <conf name="Debug" type="2">
      <platformToolSN></platformToolSN>
      <languageToolchainDir>C:\Users\joseph.downing\Desktop\avr8-gnu-toolchain-3.6.2.1759-win32.any.x86\avr8-gnu-toolchain-win32_x86\bin</languageToolchainDir>
      <mdbdebugger version="1">
        <placeholder1>place holder 1</placeholder1>
        <placeholder2>place holder 2</placeholder2>
      </mdbdebugger>
      <runprofile version="6">
        <args></args>
        <rundir></rundir>
        <buildfirst>true</buildfirst>
        <console-type>0</console-type>
        <terminal-type>0</terminal-type>
        <remove-instrumentation>0</remove-instrumentation>
        <environment>
        </environment>
      </runprofile>
    </conf>
  </confs>
</configurationDescriptor>
