<?xml version="1.0" encoding="UTF-8"?>
<configurationDescriptor version="65">
  <logicalFolder name="root" displayName="root" projectFiles="true">
    <logicalFolder name="HeaderFiles"
                   displayName="Header Files"
                   projectFiles="true">
      <logicalFolder name="include" displayName="include" projectFiles="true">
        <logicalFolder name="core" displayName="core" projectFiles="true">
          <itemPath>../include/core/Arduino.h</itemPath>
          <itemPath>../include/core/binary.h</itemPath>
          <itemPath>../include/core/Client.h</itemPath>
          <itemPath>../include/core/HardwareSerial.h</itemPath>
          <itemPath>../include/core/HardwareSerial_private.h</itemPath>
          <itemPath>../include/core/IPAddress.h</itemPath>
          <itemPath>../include/core/new.h</itemPath>
          <itemPath>../include/core/PluggableUSB.h</itemPath>
          <itemPath>../include/core/Print.h</itemPath>
          <itemPath>../include/core/Printable.h</itemPath>
          <itemPath>../include/core/Server.h</itemPath>
          <itemPath>../include/core/Stream.h</itemPath>
          <itemPath>../include/core/Udp.h</itemPath>
          <itemPath>../include/core/USBAPI.h</itemPath>
          <itemPath>../include/core/USBCore.h</itemPath>
          <itemPath>../include/core/USBDesc.h</itemPath>
          <itemPath>../include/core/WCharacter.h</itemPath>
          <itemPath>../include/core/wiring_private.h</itemPath>
          <itemPath>../include/core/WString.h</itemPath>
        </logicalFolder>
        <logicalFolder name="libraries" displayName="libraries" projectFiles="true">
          <logicalFolder name="adafruit_bme280_library"
                         displayName="adafruit_bme280_library"
                         projectFiles="true">
            <itemPath>../include/libraries/adafruit_bme280_library/Adafruit_BME280.h</itemPath>
          </logicalFolder>
          <logicalFolder name="adafruit_seesaw_library"
                         displayName="adafruit_seesaw_library"
                         projectFiles="true">
            <itemPath>../include/libraries/adafruit_seesaw_library/Adafruit_Crickit.h</itemPath>
            <itemPath>../include/libraries/adafruit_seesaw_library/Adafruit_miniTFTWing.h</itemPath>
            <itemPath>../include/libraries/adafruit_seesaw_library/Adafruit_NeoTrellis.h</itemPath>
            <itemPath>../include/libraries/adafruit_seesaw_library/Adafruit_seesaw.h</itemPath>
            <itemPath>../include/libraries/adafruit_seesaw_library/Adafruit_TFTShield18.h</itemPath>
            <itemPath>../include/libraries/adafruit_seesaw_library/seesaw_motor.h</itemPath>
            <itemPath>../include/libraries/adafruit_seesaw_library/seesaw_neopixel.h</itemPath>
            <itemPath>../include/libraries/adafruit_seesaw_library/seesaw_servo.h</itemPath>
          </logicalFolder>
          <logicalFolder name="adafruit_sensor-master"
                         displayName="adafruit_sensor-master"
                         projectFiles="true">
            <itemPath>../include/libraries/adafruit_sensor-master/Adafruit_Sensor.h</itemPath>
          </logicalFolder>
          <logicalFolder name="PubSubClient"
                         displayName="PubSubClient"
                         projectFiles="true">
            <itemPath>../include/libraries/PubSubClient/PubSubClient.h</itemPath>
          </logicalFolder>
          <logicalFolder name="f1" displayName="rn2xx3" projectFiles="true">
            <itemPath>../include/rn2xx3.h</itemPath>
          </logicalFolder>
          <logicalFolder name="SoftwareSerial"
                         displayName="SoftwareSerial"
                         projectFiles="true">
            <itemPath>../include/libraries/SoftwareSerial/SoftwareSerial.h</itemPath>
          </logicalFolder>
          <logicalFolder name="SPI" displayName="SPI" projectFiles="true">
            <itemPath>../include/libraries/SPI/SPI.h</itemPath>
          </logicalFolder>
          <logicalFolder name="WiFiEsp" displayName="WiFiEsp" projectFiles="true">
            <logicalFolder name="utility" displayName="utility" projectFiles="true">
              <itemPath>../include/libraries/WiFiEsp/utility/debug.h</itemPath>
              <itemPath>../include/libraries/WiFiEsp/utility/EspDrv.h</itemPath>
              <itemPath>../include/libraries/WiFiEsp/utility/RingBuffer.h</itemPath>
            </logicalFolder>
            <itemPath>../include/libraries/WiFiEsp/WiFiEsp.h</itemPath>
            <itemPath>../include/libraries/WiFiEsp/WiFiEspClient.h</itemPath>
            <itemPath>../include/libraries/WiFiEsp/WiFiEspServer.h</itemPath>
            <itemPath>../include/libraries/WiFiEsp/WiFiEspUdp.h</itemPath>
          </logicalFolder>
          <logicalFolder name="Wire" displayName="Wire" projectFiles="true">
            <logicalFolder name="utility" displayName="utility" projectFiles="true">
              <itemPath>../include/libraries/Wire/utility/twi.h</itemPath>
            </logicalFolder>
            <itemPath>../include/libraries/Wire/Wire.h</itemPath>
          </logicalFolder>
        </logicalFolder>
        <logicalFolder name="variants" displayName="variants" projectFiles="true">
          <logicalFolder name="atmega328pb-xmini"
                         displayName="atmega328pb-xmini"
                         projectFiles="true">
            <itemPath>../include/variants/atmega328pb-xmini/pins_arduino.h</itemPath>
          </logicalFolder>
        </logicalFolder>
        <itemPath>../include/co2_sensor.h</itemPath>
      </logicalFolder>
    </logicalFolder>
    <logicalFolder name="LinkerScript"
                   displayName="Linker Files"
                   projectFiles="true">
    </logicalFolder>
    <logicalFolder name="SourceFiles"
                   displayName="Source Files"
                   projectFiles="true">
      <logicalFolder name="include" displayName="include" projectFiles="true">
        <itemPath>../include/co2_sensor.cpp</itemPath>
      </logicalFolder>
      <logicalFolder name="src" displayName="src" projectFiles="true">
        <logicalFolder name="core" displayName="core" projectFiles="true">
          <logicalFolder name="PreprocessingAssembly"
                         displayName="PreprocessingAssembly"
                         projectFiles="true">
            <itemPath>../src/core/PreprocessingAssembly/wiring_pulse.S</itemPath>
          </logicalFolder>
          <itemPath>../src/core/abi.cpp</itemPath>
          <itemPath>../src/core/CDC.cpp</itemPath>
          <itemPath>../src/core/HardwareSerial.cpp</itemPath>
          <itemPath>../src/core/HardwareSerial0.cpp</itemPath>
          <itemPath>../src/core/HardwareSerial1.cpp</itemPath>
          <itemPath>../src/core/HardwareSerial2.cpp</itemPath>
          <itemPath>../src/core/HardwareSerial3.cpp</itemPath>
          <itemPath>../src/core/hooks.c</itemPath>
          <itemPath>../src/core/IPAddress.cpp</itemPath>
          <itemPath>../src/core/main.cpp</itemPath>
          <itemPath>../src/core/new.cpp</itemPath>
          <itemPath>../src/core/PluggableUSB.cpp</itemPath>
          <itemPath>../src/core/Print.cpp</itemPath>
          <itemPath>../src/core/Stream.cpp</itemPath>
          <itemPath>../src/core/Tone.cpp</itemPath>
          <itemPath>../src/core/USBCore.cpp</itemPath>
          <itemPath>../src/core/WInterrupts.c</itemPath>
          <itemPath>../src/core/wiring.c</itemPath>
          <itemPath>../src/core/wiring_analog.c</itemPath>
          <itemPath>../src/core/wiring_digital.c</itemPath>
          <itemPath>../src/core/wiring_pulse.c</itemPath>
          <itemPath>../src/core/wiring_shift.c</itemPath>
          <itemPath>../src/core/WMath.cpp</itemPath>
          <itemPath>../src/core/WString.cpp</itemPath>
        </logicalFolder>
        <logicalFolder name="libraries" displayName="libraries" projectFiles="true">
          <logicalFolder name="adafruit_bme280_library"
                         displayName="adafruit_bme280_library"
                         projectFiles="true">
            <itemPath>../src/libraries/adafruit_bme280_library/Adafruit_BME280.cpp</itemPath>
          </logicalFolder>
          <logicalFolder name="adafruit_seesaw_library"
                         displayName="adafruit_seesaw_library"
                         projectFiles="true">
            <itemPath>../src/libraries/adafruit_seesaw_library/Adafruit_Crickit.cpp</itemPath>
            <itemPath>../src/libraries/adafruit_seesaw_library/Adafruit_miniTFTWing.cpp</itemPath>
            <itemPath>../src/libraries/adafruit_seesaw_library/Adafruit_NeoTrellis.cpp</itemPath>
            <itemPath>../src/libraries/adafruit_seesaw_library/Adafruit_seesaw.cpp</itemPath>
            <itemPath>../src/libraries/adafruit_seesaw_library/Adafruit_TFTShield18.cpp</itemPath>
            <itemPath>../src/libraries/adafruit_seesaw_library/seesaw_neopixel.cpp</itemPath>
            <itemPath>../src/libraries/adafruit_seesaw_library/seesaw_servo.cpp</itemPath>
          </logicalFolder>
          <logicalFolder name="PubSubClient"
                         displayName="PubSubClient"
                         projectFiles="true">
            <itemPath>../src/libraries/PubSubClient/PubSubClient.cpp</itemPath>
          </logicalFolder>
          <logicalFolder name="f1" displayName="rn2xx3" projectFiles="true">
            <itemPath>../include/rn2xx3.cpp</itemPath>
          </logicalFolder>
          <logicalFolder name="SoftwareSerial"
                         displayName="SoftwareSerial"
                         projectFiles="true">
            <itemPath>../src/libraries/SoftwareSerial/SoftwareSerial.cpp</itemPath>
          </logicalFolder>
          <logicalFolder name="SPI" displayName="SPI" projectFiles="true">
            <itemPath>../src/libraries/SPI/SPI.cpp</itemPath>
          </logicalFolder>
          <logicalFolder name="WiFiEsp" displayName="WiFiEsp" projectFiles="true">
            <logicalFolder name="utility" displayName="utility" projectFiles="true">
              <itemPath>../src/libraries/WiFiEsp/utility/EspDrv.cpp</itemPath>
              <itemPath>../src/libraries/WiFiEsp/utility/RingBuffer.cpp</itemPath>
            </logicalFolder>
            <itemPath>../src/libraries/WiFiEsp/WiFiEsp.cpp</itemPath>
            <itemPath>../src/libraries/WiFiEsp/WiFiEspClient.cpp</itemPath>
            <itemPath>../src/libraries/WiFiEsp/WiFiEspServer.cpp</itemPath>
            <itemPath>../src/libraries/WiFiEsp/WiFiEspUdp.cpp</itemPath>
          </logicalFolder>
          <logicalFolder name="Wire" displayName="Wire" projectFiles="true">
            <logicalFolder name="utility" displayName="utility" projectFiles="true">
              <itemPath>../src/libraries/Wire/utility/twi.c</itemPath>
            </logicalFolder>
            <itemPath>../src/libraries/Wire/Wire.cpp</itemPath>
          </logicalFolder>
        </logicalFolder>
      </logicalFolder>
    </logicalFolder>
    <logicalFolder name="ExternalFiles"
                   displayName="Important Files"
                   projectFiles="false">
      <itemPath>Makefile</itemPath>
    </logicalFolder>
  </logicalFolder>
  <sourceRootList>
    <Elem>.</Elem>
    <Elem>../include</Elem>
    <Elem>../src</Elem>
  </sourceRootList>
  <projectmakefile>Makefile</projectmakefile>
  <confs>
    <conf name="Release" type="3">
      <toolsSet>
        <developmentServer>localhost</developmentServer>
        <targetDevice>ATmega328PB</targetDevice>
        <targetHeader></targetHeader>
        <targetPluginBoard></targetPluginBoard>
        <platformTool>mEdbgTool</platformTool>
        <languageToolchain>AVR</languageToolchain>
        <languageToolchainVersion>5.4.0</languageToolchainVersion>
        <platform>3</platform>
      </toolsSet>
      <packs>
        <pack name="ATmega_DFP" vendor="Microchip" version="2.0.2"/>
      </packs>
      <compileType>
        <linkerTool>
          <linkerLibItems>
          </linkerLibItems>
        </linkerTool>
        <archiverTool>
        </archiverTool>
        <loading>
          <useAlternateLoadableFile>false</useAlternateLoadableFile>
          <parseOnProdLoad>false</parseOnProdLoad>
          <alternateLoadableFile></alternateLoadableFile>
        </loading>
        <subordinates>
        </subordinates>
      </compileType>
      <makeCustomizationType>
        <makeCustomizationPreStepEnabled>false</makeCustomizationPreStepEnabled>
        <makeCustomizationPreStep></makeCustomizationPreStep>
        <makeCustomizationPostStepEnabled>false</makeCustomizationPostStepEnabled>
        <makeCustomizationPostStep></makeCustomizationPostStep>
        <makeCustomizationPutChecksumInUserID>false</makeCustomizationPutChecksumInUserID>
        <makeCustomizationEnableLongLines>false</makeCustomizationEnableLongLines>
        <makeCustomizationNormalizeHexFile>false</makeCustomizationNormalizeHexFile>
      </makeCustomizationType>
      <AVR-AR>
        <property key="archiver-flags" value="-r"/>
      </AVR-AR>
      <AVR-AS>
        <property key="announce-version" value="false"/>
        <property key="include-paths" value=""/>
        <property key="suppress-warnings" value="false"/>
      </AVR-AS>
      <AVR-AS-PRE>
        <property key="announce-version" value="false"/>
        <property key="include-paths" value=""/>
        <property key="preprocessor-macros" value=""/>
        <property key="preprocessor-macros-undefined" value=""/>
        <property key="suppress-warnings" value="false"/>
      </AVR-AS-PRE>
      <AVR-CPP>
        <property key="additional-warnings" value="false"/>
        <property key="call-prologues" value="false"/>
        <property key="default-bitfield-type" value="true"/>
        <property key="default-char-type" value="true"/>
        <property key="extra-include-directories"
                  value="..\include;..\include\libraries\Wire;..\include\libraries\Wire\utility;..\include\libraries\WiFiEsp;..\include\libraries\WiFiEsp\utility;..\include\libraries\PubSubClient;..\include\libraries\adafruit_sensor-master;..\include\libraries\adafruit_bme280_library;..\include\libraries\adafruit_seesaw_library;..\include\libraries\SoftwareSerial;..\include\libraries\SPI;..\include\core;..\include\variants\atmega328pb-xmini"/>
        <property key="garbage-collect-data" value="true"/>
        <property key="garbage-collect-functions" value="true"/>
        <property key="inhibit-all" value="true"/>
        <property key="make-warnings-into-errors" value="false"/>
        <property key="no-interrupts" value="false"/>
        <property key="no-system-directories" value="false"/>
        <property key="optimization-level" value="-Os"/>
        <property key="pack-struct" value="true"/>
        <property key="preprocess-only" value="false"/>
        <property key="preprocessor-macros"
                  value="NDEBUG;F_CPU=16000000L;ARDUINO=10808;ARDUINO_AVR_ATMEL_ATMEGA328PB_XMINI;ARDUINO_ARCH_AVR;USB_VID=0x03eb;USB_PID=0x2145;USB_MANUFACTURER=&quot;\&quot;Arduino LLC\&quot;&quot;"/>
        <property key="preprocessor-macros-undefined" value=""/>
        <property key="save-temps" value="false"/>
        <property key="short-calls" value="false"/>
        <property key="short-enums" value="true"/>
        <property key="strict-ansi" value="false"/>
        <property key="strict-ansi-errors" value="false"/>
        <property key="support-ansi" value="false"/>
        <property key="syntax-only" value="false"/>
        <property key="undefined-identifier" value="false"/>
        <property key="verbose" value="false"/>
        <appendMe value="-std=gnu++11 -fno-threadsafe-statics"/>
      </AVR-CPP>
      <AVR-GCC>
        <property key="additional-warnings" value="false"/>
        <property key="call-prologues" value="false"/>
        <property key="default-bitfield-type" value="true"/>
        <property key="default-char-type" value="true"/>
        <property key="extra-include-directories"
                  value="..\include;..\include\libraries\Wire;..\include\libraries\Wire\utility;..\include\libraries\WiFiEsp;..\include\libraries\WiFiEsp\utility;..\include\libraries\PubSubClient;..\include\libraries\adafruit_sensor-master;..\include\libraries\adafruit_bme280_library;..\include\libraries\adafruit_seesaw_library;..\include\libraries\SoftwareSerial;..\include\libraries\SPI;..\include\core;..\include\variants\atmega328pb-xmini"/>
        <property key="extra-warnings" value="false"/>
        <property key="garbage-collect-data" value="true"/>
        <property key="garbage-collect-functions" value="true"/>
        <property key="inhibit-all" value="true"/>
        <property key="make-warnings-into-errors" value="false"/>
        <property key="no-interrupts" value="false"/>
        <property key="no-system-directories" value="false"/>
        <property key="optimization-level" value="-Os"/>
        <property key="pack-struct" value="true"/>
        <property key="preprocessor-macros"
                  value="NDEBUG;F_CPU=16000000L;ARDUINO=10808;ARDUINO_AVR_ATMEL_ATMEGA328PB_XMINI;ARDUINO_ARCH_AVR;USB_VID=0x03eb;USB_PID=0x2145;USB_MANUFACTURER=&quot;\&quot;Arduino LLC\&quot;&quot;"/>
        <property key="preprocessor-macros-undefined" value=""/>
        <property key="save-temps" value="false"/>
        <property key="short-calls" value="false"/>
        <property key="short-enums" value="true"/>
        <property key="strict-ansi" value="false"/>
        <property key="strict-ansi-errors" value="false"/>
        <property key="support-ansi" value="false"/>
        <property key="syntax-only" value="false"/>
        <property key="undefined-identifier" value="false"/>
        <property key="verbose" value="false"/>
        <appendMe value="-std=gnu99 -std=gnu11 -fno-threadsafe-statics"/>
      </AVR-GCC>
      <AVR-Global>
        <property key="common-include-directories" value=""/>
        <property key="eep" value="true"/>
        <property key="external-ram-check" value="false"/>
        <property key="hex" value="true"/>
        <property key="lss" value="true"/>
        <property key="omit-pack-options" value="false"/>
        <property key="relax-branches" value="false"/>
        <property key="srec" value="true"/>
        <property key="user-pack-device-support"
                  value="C:\Program Files (x86)\Atmel\Studio\7.0\Packs\atmel\ATmega_DFP\1.3.300\gcc\dev\atmega328pb"/>
        <property key="user-pack-include"
                  value="C:\Program Files (x86)\Atmel\Studio\7.0\Packs\atmel\ATmega_DFP\1.3.300\include"/>
        <property key="usersig" value="false"/>
      </AVR-Global>
      <AVR-LD>
        <property key="eeprom-segment" value=""/>
        <property key="exclude-standard-libraries" value="false"/>
        <property key="extra-lib-directories" value=""/>
        <property key="flash-segment" value=""/>
        <property key="generate-map-file" value="true"/>
        <property key="initial-stack-address" value=""/>
        <property key="input-libraries" value="libm;libm"/>
        <property key="no-default-libs" value="false"/>
        <property key="no-shared-libraries" value="false"/>
        <property key="no-startup-files" value="false"/>
        <property key="omit-symbol-information" value="false"/>
        <property key="other-options" value=""/>
        <property key="remove-unused-sections" value="true"/>
        <property key="rodata-writable" value="false"/>
        <property key="sram-segment" value=""/>
        <property key="v-printf" value="false"/>
        <appendMe value="-Os"/>
      </AVR-LD>
      <mEdbgTool>
        <property key="AutoSelectMemRanges" value="auto"/>
        <property key="communication.activationmode" value="nohv"/>
        <property key="communication.interface" value="dw"/>
        <property key="communication.speed" value="0.125"/>
        <property key="debugoptions.useswbreakpoints" value="false"/>
        <property key="firmware.path"
                  value="Press to browse for a specific firmware version"/>
        <property key="firmware.update.action" value="firmware.update.use.latest"/>
        <property key="memories.aux" value="false"/>
        <property key="memories.bootflash" value="true"/>
        <property key="memories.configurationmemory" value="true"/>
        <property key="memories.configurationmemory2" value="true"/>
        <property key="memories.dataflash" value="true"/>
        <property key="memories.eeprom" value="true"/>
        <property key="memories.exclude.configurationmemory" value="true"/>
        <property key="memories.flashdata" value="true"/>
        <property key="memories.id" value="true"/>
        <property key="memories.instruction.ram.ranges"
                  value="${memories.instruction.ram.ranges}"/>
        <property key="memories.programmemory" value="true"/>
        <property key="memories.programmemory.ranges" value="0-7fff"/>
        <property key="poweroptions.powerenable" value="false"/>
        <property key="programoptions.eraseb4program" value="true"/>
        <property key="programoptions.preservedataflash" value="false"/>
        <property key="programoptions.preservedataflash.ranges"
                  value="${memories.dataflash.default}"/>
        <property key="programoptions.preserveeeprom" value="false"/>
        <property key="programoptions.preserveeeprom.ranges" value=""/>
        <property key="programoptions.preserveprogram.ranges" value=""/>
        <property key="programoptions.preserveprogramrange" value="false"/>
        <property key="programoptions.preserveuserid" value="false"/>
        <property key="programoptions.programuserotp" value="false"/>
        <property key="voltagevalue" value=""/>
      </mEdbgTool>
    </conf>
    <conf name="Debug" type="3">
      <toolsSet>
        <developmentServer>localhost</developmentServer>
        <targetDevice>ATmega328PB</targetDevice>
        <targetHeader></targetHeader>
        <targetPluginBoard></targetPluginBoard>
        <platformTool>mEdbgTool</platformTool>
        <languageToolchain>AVR</languageToolchain>
        <languageToolchainVersion>5.4.0</languageToolchainVersion>
        <platform>3</platform>
      </toolsSet>
      <packs>
        <pack name="ATmega_DFP" vendor="Microchip" version="2.0.2"/>
      </packs>
      <compileType>
        <linkerTool>
          <linkerLibItems>
          </linkerLibItems>
        </linkerTool>
        <archiverTool>
        </archiverTool>
        <loading>
          <useAlternateLoadableFile>false</useAlternateLoadableFile>
          <parseOnProdLoad>false</parseOnProdLoad>
          <alternateLoadableFile></alternateLoadableFile>
        </loading>
        <subordinates>
        </subordinates>
      </compileType>
      <makeCustomizationType>
        <makeCustomizationPreStepEnabled>false</makeCustomizationPreStepEnabled>
        <makeCustomizationPreStep></makeCustomizationPreStep>
        <makeCustomizationPostStepEnabled>false</makeCustomizationPostStepEnabled>
        <makeCustomizationPostStep></makeCustomizationPostStep>
        <makeCustomizationPutChecksumInUserID>false</makeCustomizationPutChecksumInUserID>
        <makeCustomizationEnableLongLines>false</makeCustomizationEnableLongLines>
        <makeCustomizationNormalizeHexFile>false</makeCustomizationNormalizeHexFile>
      </makeCustomizationType>
      <AVR-AR>
        <property key="archiver-flags" value="-r"/>
      </AVR-AR>
      <AVR-AS>
        <property key="announce-version" value="false"/>
        <property key="include-paths" value=""/>
        <property key="suppress-warnings" value="false"/>
      </AVR-AS>
      <AVR-AS-PRE>
        <property key="announce-version" value="false"/>
        <property key="include-paths" value=""/>
        <property key="preprocessor-macros" value=""/>
        <property key="preprocessor-macros-undefined" value=""/>
        <property key="suppress-warnings" value="false"/>
      </AVR-AS-PRE>
      <AVR-CPP>
        <property key="additional-warnings" value="false"/>
        <property key="call-prologues" value="false"/>
        <property key="default-bitfield-type" value="true"/>
        <property key="default-char-type" value="true"/>
        <property key="extra-include-directories"
                  value="..\include;..\include\libraries\Wire;..\include\libraries\Wire\utility;..\include\libraries\WiFiEsp;..\include\libraries\WiFiEsp\utility;..\include\libraries\PubSubClient;..\include\libraries\adafruit_sensor-master;..\include\libraries\adafruit_bme280_library;..\include\libraries\adafruit_seesaw_library;..\include\libraries\SoftwareSerial;..\include\libraries\SPI;..\include\core;..\include\variants\atmega328pb-xmini"/>
        <property key="garbage-collect-data" value="true"/>
        <property key="garbage-collect-functions" value="true"/>
        <property key="inhibit-all" value="true"/>
        <property key="make-warnings-into-errors" value="false"/>
        <property key="no-interrupts" value="false"/>
        <property key="no-system-directories" value="false"/>
        <property key="optimization-level" value="-Os"/>
        <property key="pack-struct" value="true"/>
        <property key="preprocess-only" value="false"/>
        <property key="preprocessor-macros"
                  value="DEBUG;F_CPU=16000000L;ARDUINO=10808;ARDUINO_AVR_ATMEL_ATMEGA328PB_XMINI;ARDUINO_ARCH_AVR;USB_VID=0x03eb;USB_PID=0x2145;USB_MANUFACTURER=&quot;\&quot;Arduino LLC\&quot;&quot;"/>
        <property key="preprocessor-macros-undefined" value=""/>
        <property key="save-temps" value="false"/>
        <property key="short-calls" value="false"/>
        <property key="short-enums" value="true"/>
        <property key="strict-ansi" value="false"/>
        <property key="strict-ansi-errors" value="false"/>
        <property key="support-ansi" value="false"/>
        <property key="syntax-only" value="false"/>
        <property key="undefined-identifier" value="false"/>
        <property key="verbose" value="false"/>
        <appendMe value="-std=gnu++11 -fno-threadsafe-statics"/>
      </AVR-CPP>
      <AVR-GCC>
        <property key="additional-warnings" value="false"/>
        <property key="call-prologues" value="false"/>
        <property key="default-bitfield-type" value="true"/>
        <property key="default-char-type" value="true"/>
        <property key="extra-include-directories"
                  value="..\include;..\include\libraries\Wire;..\include\libraries\Wire\utility;..\include\libraries\WiFiEsp;..\include\libraries\WiFiEsp\utility;..\include\libraries\PubSubClient;..\include\libraries\adafruit_sensor-master;..\include\libraries\adafruit_bme280_library;..\include\libraries\adafruit_seesaw_library;..\include\libraries\SoftwareSerial;..\include\libraries\SPI;..\include\core;..\include\variants\atmega328pb-xmini"/>
        <property key="extra-warnings" value="false"/>
        <property key="garbage-collect-data" value="true"/>
        <property key="garbage-collect-functions" value="true"/>
        <property key="inhibit-all" value="true"/>
        <property key="make-warnings-into-errors" value="false"/>
        <property key="no-interrupts" value="false"/>
        <property key="no-system-directories" value="false"/>
        <property key="optimization-level" value="-Os"/>
        <property key="pack-struct" value="true"/>
        <property key="preprocessor-macros"
                  value="DEBUG;F_CPU=16000000L;ARDUINO=10808;ARDUINO_AVR_ATMEL_ATMEGA328PB_XMINI;ARDUINO_ARCH_AVR;USB_VID=0x03eb;USB_PID=0x2145;USB_MANUFACTURER=&quot;\&quot;Arduino LLC\&quot;&quot;"/>
        <property key="preprocessor-macros-undefined" value=""/>
        <property key="save-temps" value="false"/>
        <property key="short-calls" value="false"/>
        <property key="short-enums" value="true"/>
        <property key="strict-ansi" value="false"/>
        <property key="strict-ansi-errors" value="false"/>
        <property key="support-ansi" value="false"/>
        <property key="syntax-only" value="false"/>
        <property key="undefined-identifier" value="false"/>
        <property key="verbose" value="false"/>
        <appendMe value="-std=gnu99 -std=gnu11 -fno-threadsafe-statics"/>
      </AVR-GCC>
      <AVR-Global>
        <property key="common-include-directories" value=""/>
        <property key="eep" value="true"/>
        <property key="external-ram-check" value="false"/>
        <property key="hex" value="true"/>
        <property key="lss" value="true"/>
        <property key="omit-pack-options" value="false"/>
        <property key="relax-branches" value="false"/>
        <property key="srec" value="true"/>
        <property key="user-pack-device-support"
                  value="C:\Program Files (x86)\Atmel\Studio\7.0\Packs\atmel\ATmega_DFP\1.3.300\gcc\dev\atmega328pb"/>
        <property key="user-pack-include"
                  value="C:\Program Files (x86)\Atmel\Studio\7.0\Packs\atmel\ATmega_DFP\1.3.300\include"/>
        <property key="usersig" value="false"/>
      </AVR-Global>
      <AVR-LD>
        <property key="eeprom-segment" value=""/>
        <property key="exclude-standard-libraries" value="false"/>
        <property key="extra-lib-directories" value=""/>
        <property key="flash-segment" value=""/>
        <property key="generate-map-file" value="true"/>
        <property key="initial-stack-address" value=""/>
        <property key="input-libraries" value="libm;libm"/>
        <property key="no-default-libs" value="false"/>
        <property key="no-shared-libraries" value="false"/>
        <property key="no-startup-files" value="false"/>
        <property key="omit-symbol-information" value="false"/>
        <property key="other-options" value=""/>
        <property key="remove-unused-sections" value="true"/>
        <property key="rodata-writable" value="false"/>
        <property key="sram-segment" value=""/>
        <property key="v-printf" value="false"/>
        <appendMe value="-Os"/>
      </AVR-LD>
      <mEdbgTool>
        <property key="AutoSelectMemRanges" value="auto"/>
        <property key="communication.activationmode" value="nohv"/>
        <property key="communication.interface" value="dw"/>
        <property key="communication.speed" value="0.125"/>
        <property key="debugoptions.useswbreakpoints" value="false"/>
        <property key="firmware.path"
                  value="Press to browse for a specific firmware version"/>
        <property key="firmware.update.action" value="firmware.update.use.latest"/>
        <property key="memories.aux" value="false"/>
        <property key="memories.bootflash" value="true"/>
        <property key="memories.configurationmemory" value="true"/>
        <property key="memories.configurationmemory2" value="true"/>
        <property key="memories.dataflash" value="true"/>
        <property key="memories.eeprom" value="true"/>
        <property key="memories.exclude.configurationmemory" value="true"/>
        <property key="memories.flashdata" value="true"/>
        <property key="memories.id" value="true"/>
        <property key="memories.instruction.ram.ranges"
                  value="${memories.instruction.ram.ranges}"/>
        <property key="memories.programmemory" value="true"/>
        <property key="memories.programmemory.ranges" value="0-7fff"/>
        <property key="poweroptions.powerenable" value="false"/>
        <property key="programoptions.eraseb4program" value="true"/>
        <property key="programoptions.preservedataflash" value="false"/>
        <property key="programoptions.preservedataflash.ranges"
                  value="${memories.dataflash.default}"/>
        <property key="programoptions.preserveeeprom" value="false"/>
        <property key="programoptions.preserveeeprom.ranges" value=""/>
        <property key="programoptions.preserveprogram.ranges" value=""/>
        <property key="programoptions.preserveprogramrange" value="false"/>
        <property key="programoptions.preserveuserid" value="false"/>
        <property key="programoptions.programuserotp" value="false"/>
        <property key="voltagevalue" value=""/>
      </mEdbgTool>
    </conf>
  </confs>
</configurationDescriptor>
