<?xml version="1.0" encoding="UTF-8"?>
<project xmlns="http://www.netbeans.org/ns/project/1">
    <type>com.microchip.mplab.nbide.embedded.makeproject</type>
    <configuration>
        <data xmlns="http://www.netbeans.org/ns/make-project/1">
            <name>LibraryCore</name>
            <creation-uuid>89a691cc-9ee3-44f3-bd3c-dc74393546cf</creation-uuid>
            <make-project-type>0</make-project-type>
            <c-extensions>c</c-extensions>
            <cpp-extensions>cpp</cpp-extensions>
            <header-extensions>h</header-extensions>
            <asminc-extensions/>
            <sourceEncoding>UTF-8</sourceEncoding>
            <make-dep-projects/>
            <sourceRootList>
                <sourceRootElem>.</sourceRootElem>
                <sourceRootElem>../include</sourceRootElem>
                <sourceRootElem>../src</sourceRootElem>
            </sourceRootList>
            <confList>
                <confElem>
                    <name>Release</name>
                    <type>3</type>
                </confElem>
                <confElem>
                    <name>Debug</name>
                    <type>3</type>
                </confElem>
            </confList>
            <formatting>
                <project-formatting-style>false</project-formatting-style>
            </formatting>
        </data>
    </configuration>
</project>
