<?xml version="1.0" encoding="UTF-8"?>
<project-private xmlns="http://www.netbeans.org/ns/project-private/1">
    <editor-bookmarks xmlns="http://www.netbeans.org/ns/editor-bookmarks/2" lastBookmarkId="0"/>
    <open-files xmlns="http://www.netbeans.org/ns/projectui-open-files/2">
        <group>
            <file>file:/E:/HorticultureProject2019/Software/ArduinoCore/include/libraries/adafruit_bme280_library/Adafruit_BME280.h</file>
            <file>file:/E:/HorticultureProject2019/Software/ArduinoCore/LibraryCore.X/inttypes.h</file>
            <file>file:/E:/HorticultureProject2019/Software/ArduinoCore/include/libraries/Wire/Wire.h</file>
        </group>
    </open-files>
</project-private>
